{
  "urls": [
    "effects.webm",
    "effects.mp3"
  ],
  "sprite": {
    "capture": [
      0,
      370.7482993197279
    ],
    "castle": [
      2000,
      267.2789115646257
    ],
    "game-end": [
      4000,
      284.69387755102014
    ],
    "game-start": [
      6000,
      275.2154195011336
    ],
    "illegal": [
      8000,
      219.50113378684756
    ],
    "move-check": [
      10000,
      332.2902494331075
    ],
    "move-opponent": [
      12000,
      152.65306122448942
    ],
    "move-self": [
      14000,
      153.87755102040757
    ],
    "notify": [
      16000,
      182.72108843537538
    ],
    "premove": [
      18000,
      197.2335600907016
    ],
    "promote": [
      20000,
      262.2675736961462
    ],
    "tenseconds": [
      22000,
      620.2267573696147
    ]
  }
}